<?xml version="1.0" encoding="UTF-8" standalone="no"?>
<beans xmlns="http://www.springframework.org/schema/beans"
	xmlns:aop="http://www.springframework.org/schema/aop" xmlns:context="http://www.springframework.org/schema/context"
	xmlns:jee="http://www.springframework.org/schema/jee" xmlns:tx="http://www.springframework.org/schema/tx"
	xmlns:xsi="http://www.w3.org/2001/XMLSchema-instance" xmlns:jdbc="http://www.springframework.org/schema/jdbc"
	xsi:schemaLocation="http://www.springframework.org/schema/jdbc http://www.springframework.org/schema/jdbc/spring-jdbc-3.2.xsd
		http://www.springframework.org/schema/jee http://www.springframework.org/schema/jee/spring-jee-3.2.xsd
		http://www.springframework.org/schema/aop http://www.springframework.org/schema/aop/spring-aop-3.2.xsd
		http://www.springframework.org/schema/beans http://www.springframework.org/schema/beans/spring-beans-3.2.xsd
		http://www.springframework.org/schema/tx http://www.springframework.org/schema/tx/spring-tx-3.2.xsd
		http://www.springframework.org/schema/context http://www.springframework.org/schema/context/spring-context-3.2.xsd">
	
	<context:property-placeholder location="classpath*:META-INF/spring/*.properties" />
	
	<context:spring-configured />
	
	<context:component-scan base-package="com.packtpub.springmvc.chocolatestore">
		<context:exclude-filter expression=".*_Roo_.*"
			type="regex" />
		<context:exclude-filter expression="org.springframework.stereotype.Controller"
			type="annotation" />
	</context:component-scan>
	
	<bean class="org.apache.commons.dbcp.BasicDataSource"
		destroy-method="close" id="dataSource">
		<property name="driverClassName" value="${database.driverClassName}" />
		<property name="url" value="${database.url}" />
		<property name="username" value="${database.username}" />
		<property name="password" value="${database.password}" />
		<property name="testOnBorrow" value="true" />
		<property name="testOnReturn" value="true" />
		<property name="testWhileIdle" value="true" />
		<property name="timeBetweenEvictionRunsMillis" value="1800000" />
		<property name="numTestsPerEvictionRun" value="3" />
		<property name="minEvictableIdleTimeMillis" value="1800000" />
	</bean>
	<bean class="org.springframework.orm.jpa.JpaTransactionManager"
		id="transactionManager">
		<property name="entityManagerFactory" ref="entityManagerFactory" />
	</bean>
	<tx:annotation-driven 
		transaction-manager="transactionManager" />
	<bean
		class="org.springframework.orm.jpa.LocalContainerEntityManagerFactoryBean"
		id="entityManagerFactory">
		<property name="persistenceUnitName" value="persistenceUnit" />
		<property name="dataSource" ref="dataSource" />
	</bean>

	<jdbc:initialize-database data-source="dataSource">
		<jdbc:script location="classpath:META-INF/sql/db-test-data.sql" />
	</jdbc:initialize-database>
</beans>
